image_name,mag,density_t,curvature_t,tortuosity_t,alignment_t,diameter_nm_t,density_c
No26 200w 5.0nm 5w 0.75nm 400 200 100 600 750 15min 180min m,10000,0.5003,0.0,,0.316,42.1,0.6667
No26 200w 5.0nm 5w 0.75nm 400 200 100 600 750 15min 180min m,10000,0.5066,0.0,1.936,0.309,67.4,0.6949
No26 200w 5.0nm 5w 0.75nm 400 200 100 600 750 15min 180min m,100000,0.4412,0.0,2.137,0.166,122.2,0.5733
No26 200w 5.0nm 5w 0.75nm 400 200 100 600 750 15min 180min m,100000,0.4774,0.0,1.035,0.336,82.9,0.6232
No26 200w 5.0nm 5w 0.75nm 400 200 100 600 750 15min 180min m,50000,0.4539,0.0,6.658,0.31,110.2,0.607
No26 200w 5.0nm 5w 0.75nm 400 200 100 600 750 15min 180min m,50000,0.4791,0.0,3.012,0.188,230.7,0.642
No26 200w 5.0nm 5w 0.75nm 400 200 100 600 750 15min 180min t,10000,0.4407,0.884,1.295,0.091,74.6,0.6154
No26 200w 5.0nm 5w 0.75nm 400 200 100 600 750 15min 180min t,100000,0.417,0.0,1.813,0.102,141.3,0.5511
No26 200w 5.0nm 5w 0.75nm 400 200 100 600 750 15min 180min t,50000,0.4267,0.0,1.33,0.114,335.5,0.5724
No26 200w 5.0nm 5w 1.0nm 400 200 100 600 750 15min 180min bo,10000,0.4725,0.0,,0.122,41.1,0.6257
No26 200w 5.0nm 5w 1.0nm 400 200 100 600 750 15min 180min bo,10000,0.4628,0.644,2.138,0.3,51.8,0.5183
No26 200w 5.0nm 5w 1.0nm 400 200 100 600 750 15min 180min bo,10000,0.4706,1.125,3.659,0.243,32.1,0.5358
No26 200w 5.0nm 5w 1.0nm 400 200 100 600 750 15min 180min bo,100000,0.4154,1.125,1.075,0.257,70.8,0.4024
No26 200w 5.0nm 5w 1.0nm 400 200 100 600 750 15min 180min bo,100000,0.4041,0.0,1.096,0.313,103.3,0.4109
No26 200w 5.0nm 5w 1.0nm 400 200 100 600 750 15min 180min bo,50000,0.4455,0.0,2.937,0.101,200.1,0.4239
No26 200w 5.0nm 5w 1.0nm 400 200 100 600 750 15min 180min bo,50000,0.4221,0.0,3.333,0.135,327.2,0.4141
No26 200w 5.0nm 5w 1.0nm 400 200 100 600 750 15min 180min bo,100000,0.468,0.884,1.477,0.126,241.1,0.6335
No26 200w 5.0nm 5w 1.0nm 400 200 100 600 750 15min 180min bo,50000,0.4466,0.0,1.479,0.311,221.8,0.5669
No26 200w 5.0nm 5w 1.0nm 400 200 100 600 750 15min 180min bo,50000,0.4092,0.0,,0.321,166.3,0.4444
No26 200w 5.0nm 5w 1.0nm 400 200 100 600 750 15min 180min bo,50000,0.4349,0.0,2.445,0.236,121.8,0.4617
No26 200w 5.0nm 5w 1.0nm 400 200 100 600 750 15min 180min mi,10000,0.5207,0.0,1.064,0.549,40.6,0.7083
No26 200w 5.0nm 5w 1.0nm 400 200 100 600 750 15min 180min mi,50000,0.5509,0.0,23.327,0.486,104.8,0.7489
No26 200w 5.0nm 5w 1.0nm 400 200 100 600 750 15min 180min mi,10000,0.5415,0.0,12.986,0.505,52.9,0.7427
No26 200w 5.0nm 5w 1.0nm 400 200 100 600 750 15min 180min mi,100000,0.4595,0.322,1.322,0.3,136.7,0.5682
No26 200w 5.0nm 5w 1.0nm 400 200 100 600 750 15min 180min mi,100000,0.4677,0.0,4.616,0.236,87.9,0.5686
No26 200w 5.0nm 5w 1.0nm 400 200 100 600 750 15min 180min mi,50000,0.4735,0.0,4.242,0.268,123.6,0.5905
No26 200w 5.0nm 5w 1.0nm 400 200 100 600 750 15min 180min mi,50000,0.4784,0.0,8.565,0.424,164.0,0.597
No33 200w 5.0nm 5w 1.25nm-1 400 200 100 600 750 15min 180min,50000,0.4628,0.0,1.698,0.143,251.8,0.6574
No33 200w 5.0nm 5w 1.25nm-1 400 200 100 600 750 15min 180min,50000,0.3106,0.0,,0.085,143.9,0.5216
No33 200w 5.0nm 5w 1.25nm-1 400 200 100 600 750 15min 180min,50000,0.5072,0.0,1.594,0.241,365.5,0.6335
No33 200w 5.0nm 5w 1.25nm-1 400 200 100 600 750 15min 180min,50000,0.507,0.0,,0.078,366.3,0.6282
No33 200w 5.0nm 5w 1.25nm-1 400 200 100 600 750 15min 180min,50000,0.3707,0.0,2.454,0.11,172.1,0.6109
No33 200w 5.0nm 5w 1.25nm-2 400 200 100 600 750 15min 180min,50000,0.484,0.0,3.41,0.206,189.5,0.6361
No33 200w 5.0nm 5w 1.25nm-2 400 200 100 600 750 15min 180min,50000,0.4997,0.644,1.347,0.178,138.0,0.6307
No33 200w 5.0nm 5w 1.25nm-2 400 200 100 600 750 15min 180min,50000,0.4819,0.0,,0.138,147.1,0.5731
No33 200w 5.0nm 5w 1.5nm-2 400 200 100 600 750 15min 180min ,50000,0.4888,0.0,2.255,0.226,115.9,0.6247
No33 200w 5.0nm 5w 1.5nm-2 400 200 100 600 750 15min 180min ,50000,0.4938,0.0,1.735,0.14,313.6,0.5947
No33 200w 5.0nm 5w 1.5nm-2 400 200 100 600 750 15min 180min ,50000,0.5123,0.0,1.624,0.324,72.3,0.68
No33 200w 5.0nm 5w 1.5nm-2 400 200 100 600 750 15min 180min ,50000,0.4862,0.0,1.691,0.452,317.2,0.599
No33 200w 5.0nm 5w 1.5nm-2 400 200 100 600 750 15min 180min ,50000,0.4928,0.0,2.363,0.121,290.6,0.616
No33 200w 5.0nm 5w 1.5nm-2 400 200 100 600 750 15min 180min ,50000,0.5109,0.0,3.8,0.326,114.4,0.6609
No33 200w 5.0nm 5w 1.5nm-2 400 200 100 600 750 15min 180min ,50000,0.4905,0.0,2.033,0.095,374.0,0.6026
No33 200w 5.0nm 5w 1.75nm-2 400 200 100 600 750 15min 180min,50000,0.4972,0.0,1.273,0.595,93.3,0.6398
No33 200w 5.0nm 5w 1.75nm-2 400 200 100 600 750 15min 180min,50000,0.5053,0.0,2.587,0.333,173.7,0.6312
No33 200w 5.0nm 5w 1.75nm-2 400 200 100 600 750 15min 180min,50000,0.467,0.0,2.706,0.483,484.1,0.5891
No33 200w 5.0nm 5w 1.75nm-2 400 200 100 600 750 15min 180min,50000,0.4847,0.0,1.203,0.156,154.1,0.6133
No33 200w 5.0nm 5w 1.75nm-2 400 200 100 600 750 15min 180min,50000,0.5063,0.0,4.801,0.324,103.2,0.6389
No33 200w 5.0nm 5w 1.75nm-2 400 200 100 600 750 15min 180min,50000,0.4609,0.0,1.155,0.714,224.9,0.5672
No33 200w 5.0nm 5w 1.75nm-2 400 200 100 600 750 15min 180min,50000,0.4727,0.0,9.92,0.135,179.5,0.5725
No33 200w 5.0nm 5w 1.75nm-2 400 200 100 600 750 15min 180min,50000,0.4855,0.0,,0.079,316.4,0.6192
No33 200w 5.0nm 5w 1.75nm-2 400 200 100 600 750 15min 180min,50000,0.4928,0.0,1.395,0.423,127.8,0.6379
